{
  "Total" : {
    "transaction" : "Total",
    "sampleCount" : 40000,
    "errorCount" : 0,
    "errorPct" : 0.0,
    "meanResTime" : 298.7228000000015,
    "medianResTime" : 296.0,
    "minResTime" : 281.0,
    "maxResTime" : 783.0,
    "pct1ResTime" : 306.0,
    "pct2ResTime" : 313.0,
    "pct3ResTime" : 370.0,
    "throughput" : 26.743330881861336,
    "receivedKBytesPerSec" : 82.7371799157585,
    "sentKBytesPerSec" : 3.0034014173965367
  },
  "HTTP Request" : {
    "transaction" : "HTTP Request",
    "sampleCount" : 40000,
    "errorCount" : 0,
    "errorPct" : 0.0,
    "meanResTime" : 298.7228000000015,
    "medianResTime" : 296.0,
    "minResTime" : 281.0,
    "maxResTime" : 783.0,
    "pct1ResTime" : 306.0,
    "pct2ResTime" : 313.0,
    "pct3ResTime" : 370.0,
    "throughput" : 26.743330881861336,
    "receivedKBytesPerSec" : 82.7371799157585,
    "sentKBytesPerSec" : 3.0034014173965367
  }
}